Latitude,Longitude,Station,depth,Fe,Zn,Cd,Ni,Cu,Mn,PO4,NO2+NO3,Si,NO2,NH4,pMn,pFe,pNi,pCu,pZn,pCd
31.666888,-64.166293,1,10,0.535234433,1.013424352,0.001253426,2.00430155,0.854536394,2.395846688,0.17,0.3,0.1,0.04,0.19,,,,,,
31.666888,-64.166293,1,30,0.531818998,0.671165003,0.003519851,1.958119331,0.88804484,2.54431864,0.18,0.2,0.3,0.02,0.09,,,,,,
31.666888,-64.166293,1,60,0.736866011,0.748251934,0.003182163,1.972479487,0.996229537,2.158336011,0.18,0.1,0.1,0.03,0.15,,,,,,
31.666888,-64.166293,1,115,0.185665301,0.971132401,0.007249821,2.00314302,0.90890179,1.298052565,0.23,1.4,0.4,0.1,0,,,,,,
31.666888,-64.166293,1,150,0.237064613,1.44457381,0.006938209,2.008332359,0.928731983,1.185589776,0.16,1,0.1,0.03,0.16,,,,,,
31.666888,-64.166293,1,200,0.229316226,1.392952877,0.010309019,2.040288472,0.995248207,0.943453095,0.2,1.4,0.3,0.02,0.14,,,,,,
31.666888,-64.166293,1,400,0.24686782,1.502531149,0.024282722,2.173032068,0.818611444,0.452018751,0.4,4.2,1.2,0.02,0.04,,,,,,
31.666888,-64.166293,1,600,0.32968077,0.524915379,0.10755372,2.717433162,1.037139821,0.251651999,0.81,10.5,3.3,0.02,0.06,,,,,,
31.666888,-64.166293,1,800,0.479903581,0.948957009,0.267828387,3.585789357,1.104405466,0.244490141,1.44,19.2,9.3,0.01,0.04,,,,,,
31.666888,-64.166293,1,1000,0.680287246,1.610776311,0.321714705,4.145134138,1.328848531,0.357460724,,,,,,,,,,,
31.666888,-64.166293,1,1200,0.911098411,1.652853363,0.272496704,3.823313348,1.432560132,0.411366172,1.45,18.7,11.8,0.02,0.02,,,,,,
31.666888,-64.166293,1,1500,0.887654091,12.71034568,0.257003196,3.755521209,1.20226743,0.448932278,1.38,17.2,10.9,0.02,0.11,,,,,,
32.995067,-65.976848,2,10,0.786726139,0.284408218,0.006631989,1.932185544,0.859523962,3.213862888,0.19,0.2,0.2,0.01,0.12,6.31092314,132.1359065,2.96831262,9.329748677,36.91823398,0.088315179
32.995067,-65.976848,2,20,0.383335965,-0.080141724,0.008916844,2.023662269,0.804623572,3.006978482,0.2,0.1,0.2,0,0.26,5.861639103,137.919352,4.058145382,17.47216693,41.53089243,0.083778399
32.995067,-65.976848,2,60,0.302633167,0.122062561,0.007615563,1.946756428,0.951821279,2.450843465,0.2,0.1,0.2,0,0.05,7.120465484,23.96527892,3.377415588,9.597860153,10.61104532,0.087171327
32.995067,-65.976848,2,90,0.38126707,1.791634485,0.004661081,1.99822839,0.942656364,,0.15,0.6,0,0.06,0.12,4.240039648,5.721964957,2.942037742,37.66497125,4.581924466,0.111288614
32.995067,-65.976848,2,120,0.34607393,3.1906381,0.011098761,2.097591387,0.998426958,1.751232714,0.18,1.2,0.4,0.02,0.13,5.232332214,1.191872941,2.159340792,40.60068994,18.39441214,0.099666034
32.995067,-65.976848,2,150,0.218917847,2.031919394,0.013458252,2.029708581,0.925875692,1.10611037,0.26,1.9,0.7,0.02,0.16,9.321720406,14.67341472,2.606781646,57.60684472,40.65956931,0.044029371
32.995067,-65.976848,2,200,0.284782526,2.013435896,0.015762921,2.037239574,0.808614061,0.85611714,0.31,3.3,0.6,0.02,0.05,10.24293804,9.625640798,2.358219832,53.57424534,25.02441956,0.058952064
32.995067,-65.976848,2,400,0.632261665,0.213009912,0.025986802,2.117389285,0.839015536,0.377165598,0.69,8.6,2.7,0.01,0.14,11.074375,-8.11534306,1.00421447,14.57767977,2.47324076,0.042052118
32.995067,-65.976848,2,600,0.757924089,0.212827475,0.098683444,2.61365033,0.921623645,0.298975461,1.45,19,8.9,0.01,0.51,5.921376994,-0.731298938,0.637756279,8.809064103,-0.516652097,0.039490997
32.995067,-65.976848,2,800,0.590134451,0.636338475,0.258418916,3.57034623,1.049230147,0.268863275,1.65,21.9,13.1,0.01,0.06,4.5829446,-20.4453259,0.192805242,2.650174753,-7.623683594,0.030817627
32.995067,-65.976848,2,1000,0.652246119,1.137581905,0.329521621,3.98795959,1.178832737,0.263174508,1.56,19.7,12.6,0.01,0.35,4.128205263,-14.22922984,0.09375357,2.420758497,-10.56060408,0.020933367
32.995067,-65.976848,2,1200,0.808436263,14.02506729,0.289182762,3.886178685,0.967559143,0.328724432,1.39,18.5,11.1,0.01,0.12,1.752888404,-17.06154591,0.559170922,44.09894595,-1.75801568,0.031706776
33.945368,-67.018133,3,10,1.476387068,0.780985319,0.004006293,2.069158334,1.001855423,1.830223535,0.18,0.1,0.3,0.03,0.1,,,,,,
33.945368,-67.018133,3,20,0.832885337,0.121945778,0.004269338,2.078089182,0.97509859,1.782438577,0.17,0,0.3,0.01,0.09,,,,,,
33.945368,-67.018133,3,60,0.773375118,0.141190061,0.004460898,1.995572131,0.98639922,1.671745655,0.17,0,0.3,0.01,0.08,,,,,,
33.945368,-67.018133,3,90,0.61628764,0.614555265,0.004769169,1.997342233,0.941081663,1.507896164,0.13,0,0.3,0.01,0.05,,,,,,
33.945368,-67.018133,3,120,0.588943644,1.008261698,0.006784897,2.068819299,1.16277256,1.012723547,0.19,1.4,0.6,0.08,0.08,,,,,,
33.945368,-67.018133,3,150,0.685304073,1.480086366,0.017470537,2.150202216,1.09952636,0.496452561,0.23,2.2,0.6,0.02,0.16,,,,,,
33.945368,-67.018133,3,200,0.550460315,1.476482328,0.02543762,2.219004862,0.850404827,0.384980116,0.37,4.5,1.1,0.01,0.07,,,,,,
33.945368,-67.018133,3,400,0.56500406,2.082347621,0.084706741,2.642604571,0.969457333,0.226993827,0.72,9.9,3.2,0.01,0.04,,,,,,
33.945368,-67.018133,3,600,0.735273397,0.847160523,0.219259077,3.372824206,1.113245912,0.236727541,1.2,16.7,6.9,0.01,0.13,,,,,,
33.945368,-67.018133,3,800,0.978991618,1.253454462,0.328941036,4.004749596,1.156009078,0.289914579,1.54,21.1,12.6,0,0.09,,,,,,
33.945368,-67.018133,3,1000,1.250188285,3.446800517,0.313304294,4.272386062,1.533701543,0.411182883,1.58,21.5,12.9,0,0.09,,,,,,
33.945368,-67.018133,3,1200,0.93142935,5.378093422,0.265303363,3.923094877,1.20317927,0.401669064,1.39,18.5,11.1,0.01,0.12,,,,,,
35.986762,-69.017452,5,10,0.894622555,0.222010053,0.005196488,2.016528378,1.001360334,2.271700939,0.16,0.2,0.2,0.05,0.39,,,,,,
35.986762,-69.017452,5,20,0.514875563,-0.383267173,0.008950062,1.955583986,0.921062011,2.102195853,0.19,0.1,0.4,0.03,0.2,,,,,,
35.986762,-69.017452,5,40,0.375273181,-0.254178829,0.003683698,2.01833135,0.982001807,1.308710303,0.13,0.2,0.2,0.03,0.17,,,,,,
35.986762,-69.017452,5,70,0.435657433,3.410456221,0.004891089,2.112510215,0.825472558,1.295336902,0.19,0.1,0.2,0.04,0.07,,,,,,
35.986762,-69.017452,5,100,0.188078291,5.570715965,0.016112239,1.948850362,0.633373273,1.254293252,0.17,0.3,0,0.07,0.14,,,,,,
35.986762,-69.017452,5,120,0.505778907,3.401763635,0.011169829,1.868976033,0.747314573,0.900009175,0.23,1,0.4,0.11,0.11,,,,,,
35.986762,-69.017452,5,150,1.62847234,0.904918547,0.038871209,1.947272533,0.819150812,0.212637224,0.27,1.7,0.4,0.08,0,,,,,,
35.986762,-69.017452,5,200,1.18045249,-1.022484492,0.036808072,1.941081586,0.868099512,0.13285188,0.27,2.2,0.4,0.05,0.11,,,,,,
35.986762,-69.017452,5,400,0.602835734,-2.176950092,0.045964203,2.068411706,0.939655294,0.080460989,0.21,1.6,0.2,0.05,0.3,,,,,,
35.986762,-69.017452,5,600,0.70780959,-0.413871042,0.079614507,2.413372687,0.929765483,0.139340088,0.68,8.8,2.7,0.06,0.11,,,,,,
35.986762,-69.017452,5,880,0.785810219,0.031950812,0.326222975,3.86809325,1.071714969,0.091988777,1.37,17.4,8.5,0.04,0.08,,,,,,
35.986762,-69.017452,5,1200,0.973368773,7.107604793,0.287699758,3.833501333,1.160881146,0.296054818,1.2,14.6,8.3,0.04,0.1,,,,,,
37.002833,-70.00289,6,10,1.086871272,0.044528956,0.008237082,2.026925568,1.008683389,3.636691071,0.16,0.3,0.7,0.01,0.02,,,,,,
37.002833,-70.00289,6,20,0.555942488,0.950627555,0.013922617,2.053780128,1.065500352,4.137237542,0.15,0.1,0.5,0.02,0.07,,,,,,
37.002833,-70.00289,6,40,0.543042455,-0.01465956,0.008986197,2.103949975,0.972504867,3.291349947,0.16,0,0.5,0.02,0.03,,,,,,
37.002833,-70.00289,6,70,1.020823038,5.232679665,0.011942705,1.982212534,0.676299242,2.18873002,0.17,0.1,0.5,0.03,0.02,,,,,,
37.002833,-70.00289,6,100,0.72638377,7.709866466,0.011107246,1.94226132,0.658624902,1.603355433,0.1,0.3,0.2,0.06,0.16,,,,,,
37.002833,-70.00289,6,120,0.672207311,3.348842878,0.005453202,2.019858902,0.824310956,,0.16,0.2,0.1,0.02,0.17,,,,,,
37.002833,-70.00289,6,150,0.608094223,2.218563386,0.01541188,1.922041777,0.846506256,0.645706865,0.2,1.5,0.4,0.04,0.09,,,,,,
37.002833,-70.00289,6,200,0.578437705,0.304794599,0.009599467,1.918529867,1.038640214,1.428750414,0.13,0.6,0,0.09,0.1,,,,,,
37.002833,-70.00289,6,400,0.363690753,0.124537592,0.017634073,2.044583285,0.83657462,0.491014338,0.27,3,1,0.01,0.04,,,,,,
37.002833,-70.00289,6,600,0.34309433,0.300835254,0.095555002,2.636078224,0.920699557,0.19169131,0.71,9.5,2.8,0.01,0.15,,,,,,
37.002833,-70.00289,6,800,0.536751759,0.602056551,0.244092498,3.455742413,1.033631905,0.205904585,1.32,17.2,7.8,0.01,0.2,,,,,,
37.002833,-70.00289,6,1200,1.115986949,11.46280467,0.265074605,3.789359035,0.8711571,0.476435747,1.46,19.4,12.3,0.02,0,,,,,,
37.413163,-70.320077,7,10,0.88,0.5,0.01,2.1,1.29,0.022873111,0.2,0.2,1.2,0.1,0.12,12.34053523,78.08709059,2.447971601,15.37988275,29.14364877,0.080514384
37.413163,-70.320077,7,20,0.92,0.64,0.01,2.01,1.18,4.044085012,0.2,0.1,1,0.08,0.14,12.93047232,118.7804572,2.399780871,9.825992457,85.7391962,0.094050946
37.413163,-70.320077,7,40,1,0.42,0.01,1.99,1,4.208652776,0.19,0.1,0.8,0.05,0.06,8.569295144,54.88802816,1.660693302,6.716675558,21.42457816,0.08831111
37.413163,-70.320077,7,70,0.65,2.33,0.01,1.99,0.62,4.007488374,0.18,0,0.5,0.04,0.05,6.628100801,49.63594684,1.765477906,40.93986005,7.400065628,0.113337712
37.413163,-70.320077,7,100,1.13,1.92,0.01,1.93,0.84,2.889006417,0.18,0,0.5,0.04,0.07,8.17457302,31.45032779,2.541427081,41.08658962,25.47878649,0.128728535
37.413163,-70.320077,7,120,0.53,1.73,0.02,1.9,0.8,2.561503716,0.18,0.2,0.5,0.16,0.07,6.564136298,17.65049447,2.414169436,24.53619658,11.88072398,0.106625792
37.413163,-70.320077,7,150,0.41,2.46,0.01,2.01,0.81,2.256434729,0.21,1.1,0.5,0.09,0.07,6.163046654,29.25374067,2.193103413,30.64170772,29.28096779,0.056017559
37.413163,-70.320077,7,200,0.49,0.83,0.02,2,0.9,1.396750049,0.27,2.7,0.8,0.04,0.05,11.20983577,25.25186331,1.163463111,3.593838785,15.37623203,0.049193295
37.413163,-70.320077,7,400,0.43,1.04,0.04,2.22,0.95,0.597576719,0.45,5.9,1.7,0.05,0.07,6.761728516,18.46829774,0.707662774,3.78150266,3.234481158,0.023531089
37.413163,-70.320077,7,600,0.552826099,0.901735435,0.150913011,2.927058086,1.291240169,0.304839525,1.04,14.7,5.2,0.04,0.05,7.516928667,29.60521176,1.103591446,3.126423237,22.40299689,0.029574707
37.413163,-70.320077,7,700,0.745154,1.036414969,0.24359702,3.442848119,1.066552318,0.32312361,1.4,20,8.7,0.04,0.07,4.916686513,22.39666164,0.7400383,2.699514213,19.13897302,0.056581153
37.413163,-70.320077,7,800,0.825296018,6.773017017,0.359328038,4.074678432,0.928572386,0.540483531,1.84,26.2,15.1,0.03,0.1,19.48262719,175.7179253,1.816235184,47.09182883,14.06402963,0.090494143
38.528372,-70.84278,8,10,0.646704332,0.440240829,0.028379899,2.920330963,1.843091251,,0.17,0.4,0.2,0.02,0.04,64.60379608,250.6115903,7.676037983,27.24065222,75.67414284,1.112395266
38.528372,-70.84278,8,20,1.452439767,0.377103866,0.040447708,2.678274788,1.519803763,2.070659351,0.11,0.4,0.2,0.02,0.2,36.58951381,162.4187013,8.892909344,16.98468442,-8.718977686,1.327515902
38.528372,-70.84278,8,40,0.883890987,-0.289648395,0.04873665,2.475842866,1.095895918,2.196366123,0.27,1.2,0.9,0.1,0.29,62.11419188,215.1925382,13.19418645,23.72826548,-10.97722859,3.185750865
38.528372,-70.84278,8,80,0.770555611,1.230085185,0.141622464,2.911876455,1.137591154,0.298144521,0.61,6,2.1,0.05,0.06,64.86214254,186.5179584,2.878674738,42.80003486,-28.75587232,0.586393303
38.528372,-70.84278,8,100,1.021352725,-0.13063635,0.169496528,2.738169184,1.102763449,0.190674009,0.67,6.9,2.4,0.04,0.34,109.2548756,203.8795842,3.510562833,62.41181611,-21.15206605,0.553533754
38.528372,-70.84278,8,120,0.414806198,0.082687323,0.162974947,2.84417509,1.043086882,0.186608151,0.71,7.9,2.9,0.03,0.07,56.97631377,107.3392832,2.431204506,58.90291724,-43.86897983,0.415077066
38.528372,-70.84278,8,175,0.795152187,1.471645491,0.228398163,3.264479142,1.010227427,0.477703177,0.99,11.8,5.2,0.01,0.42,35.11174438,166.7192622,1.886801671,51.98037889,3.21501666,0.276757344
38.528372,-70.84278,8,260,0.969209324,0.730750115,0.39426327,3.825130019,1.020426977,0.264046166,1.69,22.7,12.8,0.03,0.25,39.98882805,394.9456239,1.44681421,8.01875279,-20.64304272,0.139361916
38.528372,-70.84278,8,400,2.098135116,1.254774585,0.330313606,3.940683927,1.055253564,0.559924623,0.97,8.7,5.1,0.02,0.9,52.00279548,567.9159681,1.642463309,11.26752716,-22.10956076,0.175233302
38.528372,-70.84278,8,600,1.298854259,1.917550056,0.301851448,3.683299286,1.213030519,0.579331046,0.94,9,5.6,0.01,0.22,19.0328253,227.1563892,0.507820779,3.817612803,-39.37379057,0.079343837
38.528372,-70.84278,8,800,3.96,2.273523479,0.269431183,3.923891249,1.519775077,,1.43,17.6,11.5,0.01,0.03,18.14292779,170.9590383,0.865097265,5.663265373,44.7770596,0.092545813
38.528372,-70.84278,8,1000,0.786893415,1.042492486,0.381832203,4.073840556,1.158953208,0.085014674,1.4,17.4,11.5,0.01,0.1,8.848607596,94.16819714,0.110250068,45.86907856,-50.69477844,0.076883708
39.31658,-71.123208,9,10,0.632927216,0.567922407,0.025703377,2.693538109,1.772909682,5.848379279,0.2,0.2,0,0.05,0.02,83.83620671,319.8529126,9.172337534,22.73053285,121.7413175,0.735793661
39.31658,-71.123208,9,20,0.329892304,-3.504374681,0.090142889,2.509751289,1.531564567,0.611809171,0.19,0.2,0.2,0.03,0.1,,,,,,
39.31658,-71.123208,9,50,0.55993084,-0.548297872,0.043217458,2.702084005,1.429820587,2.071299454,0.32,0.5,0.9,0.06,0.47,,,,,,
39.31658,-71.123208,9,90,0.357781833,0.100454463,0.100392447,2.691232006,1.261559272,0.850559309,0.65,7.3,1.9,0.05,0.07,,,,,,
39.31658,-71.123208,9,120,0.27966646,-1.093380287,0.15407172,2.920854392,1.328857165,0.226730035,0.43,4.3,1,0.04,0.11,,,,,,
39.31658,-71.123208,9,150,0.360541589,0.29112581,0.119095087,2.78058124,1.278275275,0.588279304,0.38,3,0.5,0.02,0.39,,,,,,
39.31658,-71.123208,9,200,0.375483941,0.631800293,0.126370135,2.78416024,1.087808716,0.640922593,0.85,10.7,3.5,0.04,0,,,,,,
39.31658,-71.123208,9,400,0.744306417,1.189901143,0.254042336,3.518440258,1.034714577,0.606925206,1.4,19.8,8.2,0.03,0.02,15.5924739,141.7264507,3.315210508,13.92009032,82.2636238,0.222104078
39.31658,-71.123208,9,600,0.843814163,0.876336294,0.353988621,4.151616542,1.062798828,0.27092242,1.57,21.5,11.6,0.03,0.05,28.15837769,359.3125652,3.624242374,17.00743489,100.375784,0.115262574
39.31658,-71.123208,9,800,1.134640771,2.398271978,0.306797794,3.859903982,1.273044148,0.252107222,1.49,19.9,11.4,0.02,0.08,23.47422467,281.6825075,2.111095064,9.277790085,46.82012439,0.086039027
39.31658,-71.123208,9,1000,1.547895423,2.522355371,0.277690888,3.978937708,1.387291787,0.892829158,0.88,8.6,4.5,0.03,0.34,24.73525177,481.4423942,11.05560851,10.21436927,67.24507963,0.085688831
39.31658,-71.123208,9,1100,1.017778323,2.737318112,0.281989655,3.657806162,1.077978514,0.12187532,1.41,18.5,10.7,0.03,0.03,30.60379999,469.619033,2.522977689,33.83775713,47.50402314,0.059562219